family_id,family_name,priority,provenance,official_problem_ids,existing_lessons,representative_core_lesson,variants,debug_traps,status,tests
F01,"Contract-first parsing & normalization",P0,OBSERVED,"B-Q1;B-Q4",PT-F01-TIME-NORMALIZATION,PT-F01-TIME-NORMALIZATION,"mm:ss→hh:mm:ss;closed→half-open interval","parse repeatedly;wrong endpoint;format too early",COMPLETE,"lessons.test.ts;coverage.test.ts"
F02,"Linear scan string chunk & run",P0,OBSERVED,M1Q1,PT-F02-RUN-SCAN,PT-F02-RUN-SCAN,"count runs;compress runs;final flush","miss final run;count frequency instead of blocks",COMPLETE,"lessons.test.ts;coverage.test.ts"
F03,"Matrix/grid & coordinate representation",P0,OBSERVED,"M2Q1;A-Q2;A-Q4;B-Q3",PT-F03-GRID-NEIGHBORS,PT-F03-GRID-NEIGHBORS,"rectangular grid;direction transform;validate path","rows used as cols;read before bounds;partial commit",COMPLETE,"lessons.test.ts;coverage.test.ts"
F04,"Map/Set counting grouping & lookup",P0,OBSERVED,"M1Q1;A-Q2;B-Q3",PT-F04-FREQUENCY-MULTISET,PT-F04-FREQUENCY-MULTISET,"frequency→Set dedupe;grouping buckets;inverse first-index lookup","Set loses multiplicity;forget delete zero;overwrite first index",COMPLETE,"lessons.test.ts;evaluate.test.ts;coverage.test.ts"
F05,"Sorting & comparator contract",P0,OBSERVED,M1Q1,PT-F05-MULTIKEY-SORT,PT-F05-MULTIKEY-SORT,"descending/ascending keys;normalization;concatenation comparator","boolean comparator;missing tie-break;mutate input",COMPLETE,"lessons.test.ts;evaluate.test.ts;coverage.test.ts"
F06,"Atomic simulation & state machine",P0,OBSERVED,"M2Q1;A-Q1;B-Q1",PT-F06-ATOMIC-ROBOT,PT-F06-ATOMIC-ROBOT,"R/L/G/B commands;bounded validate-commit;inventory transaction","negative modulo;backward sign;commit before validate;wrong command order",COMPLETE,"lessons.test.ts;evaluate.test.ts;coverage.test.ts"
F07,"Timeline/event/queue simulation",P0,OBSERVED,"M2Q3;A-Q1;B-Q3",PT-F07-COLLISION-TIMELINE,PT-F07-COLLISION-TIMELINE,"same-time collision batch;half-open arrival/departure;FIFO server timeline","count pairs not cells;finished agent stays;wrong same-time order",COMPLETE,"lessons.test.ts;evaluate.test.ts;coverage.test.ts"
F08,"Stack & monotonic stack",P1,"CORE official syllabus/repo",,,PT-F08-NEXT-GREATER,"matching;reduction;strictness/output knobs","wrong strictness;forget final flush;store value not index",PLANNED,
F09,"Queue/deque mechanics",P0,CORE,OF009,PT-F09-QUEUE-HEAD,PT-F09-QUEUE-HEAD,"head-index FIFO;re-enqueue metadata;release batches;deque both ends","lost identity;drop re-enqueue;Array.shift on large input",COMPLETE,"lessons.test.ts;evaluate.test.ts;coverage.test.ts"
F10,"Two pointers sliding window & prefix sums",P1,"CORE/TRANSFER",,,PT-F10-VARIABLE-WINDOW,"fixed/variable window;frequency Map;prefix sum","wrong shrink order;zero counts;inclusive mismatch",PLANNED,
F11,"Brute force DFS choice tree & backtracking",P0,OBSERVED,"M1Q2;A-Q4;B-Q4","PT-DFS-TAKE-SKIP;PT-BT-ASSIGNMENT;PT-OF036-TARGET-NUMBER;PT-OF022-FATIGUE;PT-F11-COMBINATION",PT-OF036-TARGET-NUMBER,"plus/minus;take-skip;combination;repetition;permutation;assignment;fatigue feasibility;restore;reward objective","wrong base;reuse index;missing branch;missing restore;required-vs-cost;bad next index",PARTIAL,"lessons.test.ts;evaluate.test.ts"
F12,"Unweighted BFS & expanded state",P0,OBSERVED,"M2Q4;OF038;OF045","PT-F12-GRAPH-BFS;PT-F12-GRID-BFS;PT-F12-EXPANDED-STATE-BFS",PT-F12-GRAPH-BFS,"graph shortest/farthest;grid shortest;target distance;multi-source graph/grid;8-neighbor;one/K break;key-door state","directed build;wrong tie reset;row/col bounds;distance unit;merge expanded states;consume wrong resource",COMPLETE,"lessons.test.ts;evaluate.test.ts;coverage.test.ts"
F13,"DFS/BFS components & tree traversal",P0,OBSERVED,"A-Q2;OF023;OF037","PT-F13-NETWORK-COMPONENTS;PT-F13-ROOTED-TREE-PROFILE;PT-OF023-POWER-GRID",PT-F13-NETWORK-COMPONENTS,"matrix/list/grid components;component size;iterative DFS;tree parent/depth/subtree;level counts;tree edge cut","reset global visited;count visited root;root unmarked;forward subtree fold;one-way cut;reused visited",COMPLETE,"lessons.test.ts;evaluate.test.ts;coverage.test.ts"
F14,"Binary search on answer",P0,OBSERVED,B-Q2,PT-OF043-IMMIGRATION-BIGINT,PT-OF043-IMMIGRATION-BIGINT,"first/last feasible;integer/BigInt bounds;six Lab C predicates","infeasible high;skip first-feasible candidate;wrong midpoint;non-monotone predicate",COMPLETE,"lessons.test.ts;evaluate.test.ts"
F15,"Heap selection Top K & scheduling",P0,OBSERVED,"M1Q4;M2Q2;OF012;OF013","PT-F15-SCOVILLE-HEAP;PT-F15-BOUNDED-TOP-K;PT-F15-EVENT-HEAP-SCHEDULING",PT-F15-SCOVILLE-HEAP,"min/max heap;repeated transform;optimal merge;bounded Top K;object priority;event+heap;resource availability heap","wrong comparator;forget reinsert;wrong K boundary;ignore arrival batch;no idle jump",COMPLETE,"lessons.test.ts;evaluate.test.ts;coverage.test.ts"
F16,"Greedy with proof",P1,"CORE/TRANSFER",,PT-OF057-INTERCEPTION,PT-OF057-INTERCEPTION,"open/closed interval boundary;minimum stabbing;maximum non-overlap;exchange argument","wrong boundary;sort by start;local choice without proof",PARTIAL,"lessons.test.ts;evaluate.test.ts"
F17,"Dynamic programming & memoization",P1,"CORE official syllabus",,,PT-F17-GRID-DP,"1D/2D;memoization;optimize/count","wrong state meaning;bad iteration order;reuse item",PLANNED,
F18,"Weighted shortest path",P2,"TRANSFER official syllabus/repo",,,PT-F18-DIJKSTRA,"single/multi-source;expanded weighted state","no stale skip;negative edge;wrong heap comparator",PLANNED,
F19,"Connectivity structures / Union-Find / MST",P2,TRANSFER,,,PT-F19-DSU-KRUSKAL,"connectivity→MST;component count","bad find compression;accept cycle;ignore disconnected",PLANNED,
F20,"Interval/event representation",P1,"OBSERVED representation/TRANSFER standalone","B-Q1;M2Q3",,PT-F20-ENDPOINT-CONTRACT,"closed/half-open;difference event;tie ordering","wrong endpoint;start/end tie reversed",PLANNED,
F21,"Mathematical recursion & periodic events",P1,OBSERVED,"M1Q3;A-Q3",,PT-F21-PERIODIC-COUNT,"parent indexing;cyclic time;boundary count","1-based error;double-count coincidence;wrap error",PLANNED,
F22,"Base conversion & modular normalization",P1,OBSERVED,"M1Q3;B-Q4",,PT-F22-BASE-CANDIDATES,"encode/decode;candidate bases;positive modulo","base not above digits;negative remainder;ambiguous output",PLANNED,
F23,"State compression",P2,TRANSFER,,,PT-F23-BITMASK-STATE,"subset mask;coordinate compression","wrong bit test;collision in encoding;lost order",PLANNED,
F24,"Specialized structures/order",P3,LOW_PRIORITY,,,PT-F24-SPECIALIZED-LOOKUP,"trie;topological order;advanced tree order","false prerequisite;cycle handling;overbuilt structure",PLANNED,
