[LAYER A][C01] TRIGGER: input mã hóa thời gian/token; cùng đại lượng được so sánh hoặc cập nhật nhiều lần. — Viết FULL_CODE từ trắng.	<b>Parse → canonical representation</b><br><pre><code>function toSeconds(text) {<br>  const [mm, ss] = text.split(":").map(Number);<br>  return mm * 60 + ss;<br>}<br><br>function toTime(total) {<br>  const mm = String(Math.floor(total / 60)).padStart(2, "0");<br>  const ss = String(total % 60).padStart(2, "0");<br>  return `${mm}:${ss}`;<br>}</code></pre>Invariant: logic chính chỉ dùng representation canonical. `O(1)` mỗi token.	layer=A priority=P0 core=C01 card_type=FULL_CODE provenance=CORE C01::FULL_CODE
[LAYER A][C02] TRIGGER: đề hỏi các đoạn liên tiếp maximal hoặc cần flush đoạn cuối. — Viết FULL_CODE từ trắng.	<b>Linear run/chunk scan</b><br><pre><code>function scanRuns(a, visit) {<br>  for (let start = 0; start &lt; a.length; ) {<br>    let end = start + 1;<br>    while (end &lt; a.length &amp;&amp; a[end] === a[start]) end++;<br>    visit(a[start], start, end);<br>    start = end;<br>  }<br>}</code></pre>Invariant: `[0,start)` đã xử lý; `start` là đầu run tiếp theo. `O(n)`.	layer=A priority=P0 core=C02 card_type=FULL_CODE provenance=CORE C02::FULL_CODE
[LAYER A][C03] TRIGGER: cần multiplicity, add/remove hoặc so sánh composition. — Viết FULL_CODE từ trắng.	<b>Frequency Map / multiset</b><br><pre><code>function addCount(freq, key, delta) {<br>  const next = (freq.get(key) ?? 0) + delta;<br>  if (next === 0) freq.delete(key);<br>  else freq.set(key, next);<br>}<br><br>function buildFrequency(items) {<br>  const freq = new Map();<br>  for (const item of items) addCount(freq, item, 1);<br>  return freq;<br>}</code></pre>Invariant: Map chứa đúng count hiện tại; không có key count 0. `O(n)` expected.	layer=A priority=P0 core=C03 card_type=FULL_CODE provenance=CORE C03::FULL_CODE
[LAYER A][C04] TRIGGER: cần tạo order toàn cục; contract có tie-break. — Viết FULL_CODE từ trắng.	<b>Sort + comparator nhiều khóa</b><br><pre><code>function sortRecords(records) {<br>  return [...records].sort((a, b) =&gt; {<br>    if (a.priority !== b.priority) return a.priority - b.priority;<br>    if (a.arrival !== b.arrival) return a.arrival - b.arrival;<br>    return a.id - b.id;<br>  });<br>}</code></pre>Invariant: comparator xét khóa theo đúng thứ tự contract. `O(n log n)`.	layer=A priority=P0 core=C04 card_type=FULL_CODE provenance=CORE C04::FULL_CODE
[LAYER A][C05] TRIGGER: hai đầu/cặp; array sort; thay đổi một pointer loại được một miền ứng viên. — Viết FULL_CODE từ trắng.	<b>Two pointers trên array đã sort</b><br><pre><code>function findPair(sorted, target) {<br>  let left = 0, right = sorted.length - 1;<br>  while (left &lt; right) {<br>    const sum = sorted[left] + sorted[right];<br>    if (sum === target) return [left, right];<br>    if (sum &lt; target) left++;<br>    else right--;<br>  }<br>  return null;<br>}</code></pre>Invariant: mọi cặp ngoài `[left,right]` đã bị loại có chứng minh. `O(n)` sau sort.	layer=A priority=P0 core=C05 card_type=FULL_CODE provenance=CORE C05::FULL_CODE
[LAYER A][C06] TRIGGER: đoạn liên tiếp; right mở rộng, left chỉ tăng; cần longest/shortest với constraint cửa sổ. — Viết FULL_CODE từ trắng.	<b>Variable sliding window + frequency</b><br><pre><code>function longestAtMostKDistinct(a, k) {<br>  const freq = new Map();<br>  let left = 0, best = 0;<br>  for (let right = 0; right &lt; a.length; right++) {<br>    addCount(freq, a[right], 1);<br>    while (freq.size &gt; k) {<br>      addCount(freq, a[left], -1);<br>      left++;<br>    }<br>    best = Math.max(best, right - left + 1);<br>  }<br>  return best;<br>}</code></pre>Invariant: sau shrink, `[left,right]` hợp lệ; left nhỏ nhất theo transition đã chọn. `O(n)`.	layer=A priority=P0 core=C06 card_type=FULL_CODE provenance=CORE C06::FULL_CODE
[LAYER A][C07] TRIGGER: nhiều query tổng đoạn hoặc cần biến range work thành endpoint work. — Viết FULL_CODE từ trắng.	<b>Prefix sum</b><br><pre><code>function buildPrefix(a) {<br>  const prefix = Array(a.length + 1).fill(0);<br>  for (let i = 0; i &lt; a.length; i++) {<br>    prefix[i + 1] = prefix[i] + a[i];<br>  }<br>  return prefix;<br>}<br><br>function rangeSum(prefix, left, right) {<br>  return prefix[right] - prefix[left];<br>}</code></pre>Contract đoạn là `[left,right)`. Build `O(n)`, query `O(1)`.	layer=A priority=P0 core=C07 card_type=FULL_CODE provenance=CORE C07::FULL_CODE
[LAYER A][C08] TRIGGER: phần tử đầu tiên bên trái/phải lớn/nhỏ hơn; mỗi index chờ được giải quyết. — Viết FULL_CODE từ trắng.	<b>Monotonic stack theo index</b><br><pre><code>function nextGreaterIndex(a) {<br>  const answer = Array(a.length).fill(-1);<br>  const stack = [];<br>  for (let i = 0; i &lt; a.length; i++) {<br>    while (stack.length &amp;&amp; a[stack.at(-1)] &lt; a[i]) {<br>      answer[stack.pop()] = i;<br>    }<br>    stack.push(i);<br>  }<br>  return answer;<br>}</code></pre>Invariant: stack chứa index chưa có next greater, value giảm không nghiêm ngặt. `O(n)`.	layer=A priority=P0 core=C08 card_type=FULL_CODE provenance=CORE C08::FULL_CODE
[LAYER A][C09] TRIGGER: state ban đầu + commands/events; mỗi bước có transition xác định; invalid có thể rollback. — Viết FULL_CODE từ trắng.	<b>Atomic state-machine simulation</b><br><pre><code>function simulate(initial, commands, transition, isValid) {<br>  let state = initial;<br>  for (const command of commands) {<br>    const candidate = transition(state, command);<br>    if (isValid(candidate, state, command)) state = candidate;<br>  }<br>  return state;<br>}</code></pre>Invariant: sau `i` commands, state đúng cho prefix `[0,i)`. `O(number of transitions)`.	layer=A priority=P0 core=C09 card_type=FULL_CODE provenance=CORE C09::FULL_CODE
[LAYER A][C10] TRIGGER: chọn một candidate chưa dùng cho mỗi depth; cần thử toàn bộ và restore. — Viết FULL_CODE từ trắng.	<b>Backtracking permutation/assignment</b><br><pre><code>function maximizeAssignment(score) {<br>  const used = Array(score.length).fill(false);<br>  let best = -Infinity;<br><br>  function dfs(depth, sum) {<br>    if (depth === score[0].length) {<br>      best = Math.max(best, sum);<br>      return;<br>    }<br>    for (let person = 0; person &lt; score.length; person++) {<br>      if (used[person]) continue;<br>      used[person] = true;<br>      dfs(depth + 1, sum + score[person][depth]);<br>      used[person] = false;<br>    }<br>  }<br><br>  dfs(0, 0);<br>  return best;<br>}</code></pre>Invariant: `used` đúng với path hiện tại; restore sau đúng nhánh. Worst case `O(P(n,m))`.	layer=A priority=P0 core=C10 card_type=FULL_CODE provenance=CORE C10::FULL_CODE
[LAYER A][C11] TRIGGER: graph/grid không trọng số; cần minimum number of transitions. — Viết FULL_CODE từ trắng.	<b>BFS grid shortest path</b><br><pre><code>function bfsGrid(grid, start, target) {<br>  const rows = grid.length, cols = grid[0].length;<br>  const dist = Array.from({ length: rows }, () =&gt; Array(cols).fill(-1));<br>  const queue = [start];<br>  dist[start[0]][start[1]] = 0;<br>  const dirs = [[-1, 0], [1, 0], [0, -1], [0, 1]];<br><br>  for (let head = 0; head &lt; queue.length; head++) {<br>    const [r, c] = queue[head];<br>    if (r === target[0] &amp;&amp; c === target[1]) return dist[r][c];<br>    for (const [dr, dc] of dirs) {<br>      const nr = r + dr, nc = c + dc;<br>      if (nr &lt; 0 || nr &gt;= rows || nc &lt; 0 || nc &gt;= cols) continue;<br>      if (grid[nr][nc] === 1 || dist[nr][nc] !== -1) continue;<br>      dist[nr][nc] = dist[r][c] + 1;<br>      queue.push([nr, nc]);<br>    }<br>  }<br>  return -1;<br>}</code></pre>Invariant: đánh dấu khi enqueue; queue theo distance không giảm. `O(rows*cols)`.	layer=A priority=P0 core=C11 card_type=FULL_CODE provenance=CORE C11::FULL_CODE
[LAYER A][C12] TRIGGER: answer space có predicate `false...false,true...true`; cần minimum feasible. — Viết FULL_CODE từ trắng.	<b>Binary search first true</b><br><pre><code>function firstTrue(low, high, feasible) {<br>  let left = low, right = high;<br>  while (left &lt; right) {<br>    const mid = left + Math.floor((right - left) / 2);<br>    if (feasible(mid)) right = mid;<br>    else left = mid + 1;<br>  }<br>  return left;<br>}</code></pre>Invariant: answer nằm trong `[left,right]`; `right` luôn giữ một feasible candidate. `O(log range * predicate)`.	layer=A priority=P0 core=C12 card_type=FULL_CODE provenance=CORE C12::FULL_CODE
[LAYER A][C13] TRIGGER: lặp lại thao tác lấy phần tử priority cao nhất, insert động, Top K hoặc scheduling. — Viết FULL_CODE từ trắng.	<b>Generic binary heap</b><br><pre><code>class Heap {<br>  constructor(compare = (a, b) =&gt; a - b) {<br>    this.data = [];<br>    this.compare = compare;<br>  }<br><br>  get size() { return this.data.length; }<br>  peek() { return this.data[0]; }<br><br>  push(value) {<br>    const a = this.data;<br>    a.push(value);<br>    let i = a.length - 1;<br>    while (i &gt; 0) {<br>      const p = Math.floor((i - 1) / 2);<br>      if (this.compare(a[p], a[i]) &lt;= 0) break;<br>      [a[p], a[i]] = [a[i], a[p]];<br>      i = p;<br>    }<br>  }<br><br>  pop() {<br>    const a = this.data;<br>    if (!a.length) return undefined;<br>    const top = a[0];<br>    const last = a.pop();<br>    if (a.length) {<br>      a[0] = last;<br>      let i = 0;<br>      while (true) {<br>        let best = i;<br>        const left = i * 2 + 1, right = left + 1;<br>        if (left &lt; a.length &amp;&amp; this.compare(a[left], a[best]) &lt; 0) best = left;<br>        if (right &lt; a.length &amp;&amp; this.compare(a[right], a[best]) &lt; 0) best = right;<br>        if (best === i) break;<br>        [a[i], a[best]] = [a[best], a[i]];<br>        i = best;<br>      }<br>    }<br>    return top;<br>  }<br>}</code></pre>Invariant: parent không có priority thấp hơn child. Push/pop `O(log n)`, peek `O(1)`.	layer=A priority=P0 core=C13 card_type=FULL_CODE provenance=CORE C13::FULL_CODE
[LAYER A][C14] TRIGGER: chọn nhiều interval không chồng lấn nhất hoặc đặt điểm theo endpoint sớm nhất. — Viết FULL_CODE từ trắng.	<b>Sort + interval greedy</b><br><pre><code>function maxNonOverlapping(intervals) {<br>  intervals.sort((a, b) =&gt; a[1] - b[1] || a[0] - b[0]);<br>  let count = 0, lastEnd = -Infinity;<br>  for (const [start, end] of intervals) {<br>    if (start &lt; lastEnd) continue;<br>    count++;<br>    lastEnd = end;<br>  }<br>  return count;<br>}</code></pre>Invariant: sau mỗi chọn, `lastEnd` nhỏ nhất có thể trong số solution cùng size. `O(n log n)`.	layer=A priority=P0 core=C14 card_type=FULL_CODE provenance=CORE C14::FULL_CODE
[LAYER A][C15] TRIGGER: answer tại cell/state phụ thuộc vào một số state trước đã hoàn tất. — Viết FULL_CODE từ trắng.	<b>2D local-state DP</b><br><pre><code>function countGridPaths(rows, cols, blocked) {<br>  const dp = Array.from({ length: rows }, () =&gt; Array(cols).fill(0));<br>  if (!blocked[0][0]) dp[0][0] = 1;<br>  for (let r = 0; r &lt; rows; r++) {<br>    for (let c = 0; c &lt; cols; c++) {<br>      if (blocked[r][c] || (r === 0 &amp;&amp; c === 0)) continue;<br>      if (r &gt; 0) dp[r][c] += dp[r - 1][c];<br>      if (c &gt; 0) dp[r][c] += dp[r][c - 1];<br>    }<br>  }<br>  return dp[rows - 1][cols - 1];<br>}</code></pre>Invariant: khi tính `(r,c)`, mọi predecessor đã final. `O(rows*cols)`.	layer=A priority=P0 core=C15 card_type=FULL_CODE provenance=CORE C15::FULL_CODE
[LAYER B][B01][P1] hh:mm:ss — Điền 4 ô: BASE SKELETON / ADD STATE / CHANGE TRANSITION / CHANGE BASE-UPDATE.	<b>1. BASE:</b> C01<br><b>2. ADD STATE:</b> thêm hh<br><b>3. CHANGE TRANSITION:</b> parse ba token<br><b>4. CHANGE BASE/UPDATE:</b> multiplier đổi<br><b>DELTA:</b> mm*60+ss → hh*3600+mm*60+ss	layer=B priority=P1 core=C01 card_type=VARIANT_ADAPTER provenance=TRANSFER B01::ADAPTER
[LAYER B][B02][P1] Base 2–9 decode — Điền 4 ô: BASE SKELETON / ADD STATE / CHANGE TRANSITION / CHANGE BASE-UPDATE.	<b>1. BASE:</b> C01<br><b>2. ADD STATE:</b> base, digit validity<br><b>3. CHANGE TRANSITION:</b> fold từng digit<br><b>4. CHANGE BASE/UPDATE:</b> start value=0<br><b>DELTA:</b> Number(token) → value=value*base+digit	layer=B priority=P1 core=C01 card_type=VARIANT_ADAPTER provenance=TRANSFER B02::ADAPTER
[LAYER B][B03][P1] Base 2–9 encode — Điền 4 ô: BASE SKELETON / ADD STATE / CHANGE TRANSITION / CHANGE BASE-UPDATE.	<b>1. BASE:</b> C01<br><b>2. ADD STATE:</b> base, output digits<br><b>3. CHANGE TRANSITION:</b> lấy remainder rồi reverse<br><b>4. CHANGE BASE/UPDATE:</b> special case zero<br><b>DELTA:</b> format time → loop n%base, Math.floor(n/base)	layer=B priority=P1 core=C01 card_type=VARIANT_ADAPTER provenance=TRANSFER B03::ADAPTER
[LAYER B][B04][P0] Record tokenization — Điền 4 ô: BASE SKELETON / ADD STATE / CHANGE TRANSITION / CHANGE BASE-UPDATE.	<b>1. BASE:</b> C01<br><b>2. ADD STATE:</b> parsed object fields<br><b>3. CHANGE TRANSITION:</b> split đúng delimiter một lần<br><b>4. CHANGE BASE/UPDATE:</b> parse tại boundary<br><b>DELTA:</b> parse trong loop → records=input.map(parse)	layer=B priority=P0 core=C01 card_type=VARIANT_ADAPTER provenance=TRANSFER B04::ADAPTER
[LAYER B][B05][P0] Run counting — Điền 4 ô: BASE SKELETON / ADD STATE / CHANGE TRANSITION / CHANGE BASE-UPDATE.	<b>1. BASE:</b> C02<br><b>2. ADD STATE:</b> runs/Set đã đóng<br><b>3. CHANGE TRANSITION:</b> tăng khi run kết thúc<br><b>4. CHANGE BASE/UPDATE:</b> base empty input<br><b>DELTA:</b> visit(...) → update count/set	layer=B priority=P0 core=C02 card_type=VARIANT_ADAPTER provenance=TRANSFER B05::ADAPTER
[LAYER B][B06][P1] Fixed chunks — Điền 4 ô: BASE SKELETON / ADD STATE / CHANGE TRANSITION / CHANGE BASE-UPDATE.	<b>1. BASE:</b> C02<br><b>2. ADD STATE:</b> k<br><b>3. CHANGE TRANSITION:</b> end=min(start+k,n)<br><b>4. CHANGE BASE/UPDATE:</b> start+=k<br><b>DELTA:</b> equality scan → fixed boundary	layer=B priority=P1 core=C02 card_type=VARIANT_ADAPTER provenance=TRANSFER B06::ADAPTER
[LAYER B][B07][P1] Bỏ phần dư — Điền 4 ô: BASE SKELETON / ADD STATE / CHANGE TRANSITION / CHANGE BASE-UPDATE.	<b>1. BASE:</b> C02<br><b>2. ADD STATE:</b> không thêm<br><b>3. CHANGE TRANSITION:</b> giữ fixed chunk<br><b>4. CHANGE BASE/UPDATE:</b> loop base đổi<br><b>DELTA:</b> start&lt;n → start+k&lt;=n	layer=B priority=P1 core=C02 card_type=VARIANT_ADAPTER provenance=TRANSFER B07::ADAPTER
[LAYER B][B08][P1] Cyclic pattern — Điền 4 ô: BASE SKELETON / ADD STATE / CHANGE TRANSITION / CHANGE BASE-UPDATE.	<b>1. BASE:</b> C02<br><b>2. ADD STATE:</b> pattern length m<br><b>3. CHANGE TRANSITION:</b> expected=pattern[i%m]<br><b>4. CHANGE BASE/UPDATE:</b> base index 0<br><b>DELTA:</b> compare neighbor → modulo index	layer=B priority=P1 core=C02 card_type=VARIANT_ADAPTER provenance=TRANSFER B08::ADAPTER
[LAYER B][B09][P0] Membership Set — Điền 4 ô: BASE SKELETON / ADD STATE / CHANGE TRANSITION / CHANGE BASE-UPDATE.	<b>1. BASE:</b> C03<br><b>2. ADD STATE:</b> Set<br><b>3. CHANGE TRANSITION:</b> add/has, không count<br><b>4. CHANGE BASE/UPDATE:</b> không delete theo delta<br><b>DELTA:</b> Map&lt;key,count&gt; → Set&lt;key&gt;	layer=B priority=P0 core=C03 card_type=VARIANT_ADAPTER provenance=TRANSFER B09::ADAPTER
[LAYER B][B10][P0] Grouping Map — Điền 4 ô: BASE SKELETON / ADD STATE / CHANGE TRANSITION / CHANGE BASE-UPDATE.	<b>1. BASE:</b> C03<br><b>2. ADD STATE:</b> Map&lt;key,array&gt;<br><b>3. CHANGE TRANSITION:</b> push item vào group<br><b>4. CHANGE BASE/UPDATE:</b> init []<br><b>DELTA:</b> count+1 → groups.get(k).push(item)	layer=B priority=P0 core=C03 card_type=VARIANT_ADAPTER provenance=TRANSFER B10::ADAPTER
[LAYER B][B11][P0] Inverse index — Điền 4 ô: BASE SKELETON / ADD STATE / CHANGE TRANSITION / CHANGE BASE-UPDATE.	<b>1. BASE:</b> C03<br><b>2. ADD STATE:</b> Map&lt;value,index&gt;<br><b>3. CHANGE TRANSITION:</b> swap phải update hai mapping<br><b>4. CHANGE BASE/UPDATE:</b> build từ order<br><b>DELTA:</b> một lookup → array + inverse Map	layer=B priority=P0 core=C03 card_type=VARIANT_ADAPTER provenance=TRANSFER B11::ADAPTER
[LAYER B][B12][P0] Per-time collision — Điền 4 ô: BASE SKELETON / ADD STATE / CHANGE TRANSITION / CHANGE BASE-UPDATE.	<b>1. BASE:</b> C03<br><b>2. ADD STATE:</b> Map mới mỗi timestamp<br><b>3. CHANGE TRANSITION:</b> count vị trí; risk khi count≥2<br><b>4. CHANGE BASE/UPDATE:</b> reset mỗi batch<br><b>DELTA:</b> global freq → freq=new Map() mỗi t	layer=B priority=P0 core=C03 card_type=VARIANT_ADAPTER provenance=TRANSFER B12::ADAPTER
[LAYER B][B13][P1] Component contribution dedupe — Điền 4 ô: BASE SKELETON / ADD STATE / CHANGE TRANSITION / CHANGE BASE-UPDATE.	<b>1. BASE:</b> C03<br><b>2. ADD STATE:</b> Set cột component chạm<br><b>3. CHANGE TRANSITION:</b> sau component, cộng size mỗi cột một lần<br><b>4. CHANGE BASE/UPDATE:</b> reset Set mỗi component<br><b>DELTA:</b> cộng mỗi cell → cộng mỗi distinct column	layer=B priority=P1 core=C03 card_type=VARIANT_ADAPTER provenance=TRANSFER B13::ADAPTER
[LAYER B][B14][P0] Max theo khóa chính — Điền 4 ô: BASE SKELETON / ADD STATE / CHANGE TRANSITION / CHANGE BASE-UPDATE.	<b>1. BASE:</b> C04<br><b>2. ADD STATE:</b> không thêm<br><b>3. CHANGE TRANSITION:</b> đảo hiệu khóa chính<br><b>4. CHANGE BASE/UPDATE:</b> tie giữ contract<br><b>DELTA:</b> a.x-b.x → b.x-a.x	layer=B priority=P0 core=C04 card_type=VARIANT_ADAPTER provenance=TRANSFER B14::ADAPTER
[LAYER B][B15][P0] Heap object comparator — Điền 4 ô: BASE SKELETON / ADD STATE / CHANGE TRANSITION / CHANGE BASE-UPDATE.	<b>1. BASE:</b> C04<br><b>2. ADD STATE:</b> fields heap item<br><b>3. CHANGE TRANSITION:</b> cùng comparator contract<br><b>4. CHANGE BASE/UPDATE:</b> truyền vào Heap<br><b>DELTA:</b> .sort(compare) → new Heap(compare)	layer=B priority=P0 core=C04 card_type=VARIANT_ADAPTER provenance=TRANSFER B15::ADAPTER
[LAYER B][B16][P1] Largest concatenation — Điền 4 ô: BASE SKELETON / ADD STATE / CHANGE TRANSITION / CHANGE BASE-UPDATE.	<b>1. BASE:</b> C04<br><b>2. ADD STATE:</b> string form<br><b>3. CHANGE TRANSITION:</b> compare b+a với a+b<br><b>4. CHANGE BASE/UPDATE:</b> normalize all-zero<br><b>DELTA:</b> numeric compare → (b+a).localeCompare(a+b)	layer=B priority=P1 core=C04 card_type=VARIANT_ADAPTER provenance=TRANSFER B16::ADAPTER
[LAYER B][B17][P1] Deterministic original order — Điền 4 ô: BASE SKELETON / ADD STATE / CHANGE TRANSITION / CHANGE BASE-UPDATE.	<b>1. BASE:</b> C04<br><b>2. ADD STATE:</b> originalIndex<br><b>3. CHANGE TRANSITION:</b> thêm khóa cuối<br><b>4. CHANGE BASE/UPDATE:</b> decorate trước sort<br><b>DELTA:</b> no final tie → return a.index-b.index	layer=B priority=P1 core=C04 card_type=VARIANT_ADAPTER provenance=TRANSFER B17::ADAPTER
[LAYER B][B18][P1] Đếm pair — Điền 4 ô: BASE SKELETON / ADD STATE / CHANGE TRANSITION / CHANGE BASE-UPDATE.	<b>1. BASE:</b> C05<br><b>2. ADD STATE:</b> count<br><b>3. CHANGE TRANSITION:</b> match thì update cả hai<br><b>4. CHANGE BASE/UPDATE:</b> answer 0<br><b>DELTA:</b> return pair → count++; left++; right--	layer=B priority=P1 core=C05 card_type=VARIANT_ADAPTER provenance=TRANSFER B18::ADAPTER
[LAYER B][B19][P0] Extreme greedy pairing — Điền 4 ô: BASE SKELETON / ADD STATE / CHANGE TRANSITION / CHANGE BASE-UPDATE.	<b>1. BASE:</b> C05<br><b>2. ADD STATE:</b> capacity/count<br><b>3. CHANGE TRANSITION:</b> luôn consume right; consume left nếu fit<br><b>4. CHANGE BASE/UPDATE:</b> sort trước<br><b>DELTA:</b> target equality → sum&lt;=limit decision	layer=B priority=P0 core=C05 card_type=VARIANT_ADAPTER provenance=TRANSFER B19::ADAPTER
[LAYER B][B20][P1] Merge hai sorted arrays — Điền 4 ô: BASE SKELETON / ADD STATE / CHANGE TRANSITION / CHANGE BASE-UPDATE.	<b>1. BASE:</b> C05<br><b>2. ADD STATE:</b> i,j,out<br><b>3. CHANGE TRANSITION:</b> lấy phần tử nhỏ hơn<br><b>4. CHANGE BASE/UPDATE:</b> base khi một array hết<br><b>DELTA:</b> inward pointers → forward pointers	layer=B priority=P1 core=C05 card_type=VARIANT_ADAPTER provenance=TRANSFER B20::ADAPTER
[LAYER B][B21][P1] Remove duplicates in-place — Điền 4 ô: BASE SKELETON / ADD STATE / CHANGE TRANSITION / CHANGE BASE-UPDATE.	<b>1. BASE:</b> C05<br><b>2. ADD STATE:</b> write pointer<br><b>3. CHANGE TRANSITION:</b> đọc khác last written thì write<br><b>4. CHANGE BASE/UPDATE:</b> write=1<br><b>DELTA:</b> two ends → read/write pointers	layer=B priority=P1 core=C05 card_type=VARIANT_ADAPTER provenance=TRANSFER B21::ADAPTER
[LAYER B][B22][P0] Fixed size — Điền 4 ô: BASE SKELETON / ADD STATE / CHANGE TRANSITION / CHANGE BASE-UPDATE.	<b>1. BASE:</b> C06<br><b>2. ADD STATE:</b> running aggregate<br><b>3. CHANGE TRANSITION:</b> nếu size&gt;k bỏ left đúng một lần<br><b>4. CHANGE BASE/UPDATE:</b> update khi size=k<br><b>DELTA:</b> while(invalid) → if(right-left+1&gt;k)	layer=B priority=P0 core=C06 card_type=VARIANT_ADAPTER provenance=TRANSFER B22::ADAPTER
[LAYER B][B23][P1] Positive sum target — Điền 4 ô: BASE SKELETON / ADD STATE / CHANGE TRANSITION / CHANGE BASE-UPDATE.	<b>1. BASE:</b> C06<br><b>2. ADD STATE:</b> sum<br><b>3. CHANGE TRANSITION:</b> shrink khi sum&gt;target<br><b>4. CHANGE BASE/UPDATE:</b> positive numbers required<br><b>DELTA:</b> freq.size&gt;k → sum&gt;target	layer=B priority=P1 core=C06 card_type=VARIANT_ADAPTER provenance=TRANSFER B23::ADAPTER
[LAYER B][B24][P0] At most K distinct — Điền 4 ô: BASE SKELETON / ADD STATE / CHANGE TRANSITION / CHANGE BASE-UPDATE.	<b>1. BASE:</b> C06<br><b>2. ADD STATE:</b> base freq Map<br><b>3. CHANGE TRANSITION:</b> base transition<br><b>4. CHANGE BASE/UPDATE:</b> base update max<br><b>DELTA:</b> chính C06	layer=B priority=P0 core=C06 card_type=VARIANT_ADAPTER provenance=TRANSFER B24::ADAPTER
[LAYER B][B25][P1] Cover all types — Điền 4 ô: BASE SKELETON / ADD STATE / CHANGE TRANSITION / CHANGE BASE-UPDATE.	<b>1. BASE:</b> C06<br><b>2. ADD STATE:</b> need, formed<br><b>3. CHANGE TRANSITION:</b> shrink khi all covered<br><b>4. CHANGE BASE/UPDATE:</b> update minimum before remove<br><b>DELTA:</b> invalid shrink → valid shrink	layer=B priority=P1 core=C06 card_type=VARIANT_ADAPTER provenance=TRANSFER B25::ADAPTER
[LAYER B][B26][P1] Minimum valid length — Điền 4 ô: BASE SKELETON / ADD STATE / CHANGE TRANSITION / CHANGE BASE-UPDATE.	<b>1. BASE:</b> C06<br><b>2. ADD STATE:</b> best=Infinity<br><b>3. CHANGE TRANSITION:</b> trong while(valid), update rồi shrink<br><b>4. CHANGE BASE/UPDATE:</b> no answer→sentinel<br><b>DELTA:</b> max after shrink → min inside shrink	layer=B priority=P1 core=C06 card_type=VARIANT_ADAPTER provenance=TRANSFER B26::ADAPTER
[LAYER B][B28][P1] 2D prefix — Điền 4 ô: BASE SKELETON / ADD STATE / CHANGE TRANSITION / CHANGE BASE-UPDATE.	<b>1. BASE:</b> C07<br><b>2. ADD STATE:</b> matrix (R+1)x(C+1)<br><b>3. CHANGE TRANSITION:</b> inclusion-exclusion<br><b>4. CHANGE BASE/UPDATE:</b> top/left zero border<br><b>DELTA:</b> p[i+1]=... → four-term recurrence	layer=B priority=P1 core=C07 card_type=VARIANT_ADAPTER provenance=TRANSFER B28::ADAPTER
[LAYER B][B29][P1] 1D range updates — Điền 4 ô: BASE SKELETON / ADD STATE / CHANGE TRANSITION / CHANGE BASE-UPDATE.	<b>1. BASE:</b> C07<br><b>2. ADD STATE:</b> difference array<br><b>3. CHANGE TRANSITION:</b> diff[l]+=v; diff[r]-=v<br><b>4. CHANGE BASE/UPDATE:</b> reconstruct prefix<br><b>DELTA:</b> query prefix → update endpoints	layer=B priority=P1 core=C07 card_type=VARIANT_ADAPTER provenance=TRANSFER B29::ADAPTER
[LAYER B][B31][P1] Bracket matching — Điền 4 ô: BASE SKELETON / ADD STATE / CHANGE TRANSITION / CHANGE BASE-UPDATE.	<b>1. BASE:</b> C08<br><b>2. ADD STATE:</b> mate Map<br><b>3. CHANGE TRANSITION:</b> opening push; closing pop/check<br><b>4. CHANGE BASE/UPDATE:</b> empty stack<br><b>DELTA:</b> monotonic compare → matching relation	layer=B priority=P1 core=C08 card_type=VARIANT_ADAPTER provenance=TRANSFER B31::ADAPTER
[LAYER B][B32][P1] Adjacent reduction — Điền 4 ô: BASE SKELETON / ADD STATE / CHANGE TRANSITION / CHANGE BASE-UPDATE.	<b>1. BASE:</b> C08<br><b>2. ADD STATE:</b> cancel predicate<br><b>3. CHANGE TRANSITION:</b> match top thì pop, else push<br><b>4. CHANGE BASE/UPDATE:</b> return reduced stack<br><b>DELTA:</b> resolve indices → reduce prefix	layer=B priority=P1 core=C08 card_type=VARIANT_ADAPTER provenance=TRANSFER B32::ADAPTER
[LAYER B][B33][P1] Next smaller — Điền 4 ô: BASE SKELETON / ADD STATE / CHANGE TRANSITION / CHANGE BASE-UPDATE.	<b>1. BASE:</b> C08<br><b>2. ADD STATE:</b> không thêm<br><b>3. CHANGE TRANSITION:</b> đảo comparison<br><b>4. CHANGE BASE/UPDATE:</b> same unresolved base<br><b>DELTA:</b> &lt; → &gt;	layer=B priority=P1 core=C08 card_type=VARIANT_ADAPTER provenance=TRANSFER B33::ADAPTER
[LAYER B][B34][P1] Greedy delete K digits — Điền 4 ô: BASE SKELETON / ADD STATE / CHANGE TRANSITION / CHANGE BASE-UPDATE.	<b>1. BASE:</b> C08<br><b>2. ADD STATE:</b> remaining deletions k<br><b>3. CHANGE TRANSITION:</b> pop while top worse and k&gt;0<br><b>4. CHANGE BASE/UPDATE:</b> cắt tail nếu k còn<br><b>DELTA:</b> resolve answer index → maintain best digits	layer=B priority=P1 core=C08 card_type=VARIANT_ADAPTER provenance=TRANSFER B34::ADAPTER
[LAYER B][B35][P0] Command/direction — Điền 4 ô: BASE SKELETON / ADD STATE / CHANGE TRANSITION / CHANGE BASE-UPDATE.	<b>1. BASE:</b> C09<br><b>2. ADD STATE:</b> (x,y,dir)<br><b>3. CHANGE TRANSITION:</b> R/L đổi dir; G/B đổi coordinate<br><b>4. CHANGE BASE/UPDATE:</b> dir initial<br><b>DELTA:</b> generic transition → command switch	layer=B priority=P0 core=C09 card_type=VARIANT_ADAPTER provenance=TRANSFER B35::ADAPTER
[LAYER B][B36][P0] Timeline gaps — Điền 4 ô: BASE SKELETON / ADD STATE / CHANGE TRANSITION / CHANGE BASE-UPDATE.	<b>1. BASE:</b> C09<br><b>2. ADD STATE:</b> time, previous event<br><b>3. CHANGE TRANSITION:</b> apply whole gap before event<br><b>4. CHANGE BASE/UPDATE:</b> start at first time<br><b>DELTA:</b> one command → jump gap	layer=B priority=P0 core=C09 card_type=VARIANT_ADAPTER provenance=TRANSFER B36::ADAPTER
[LAYER B][B37][P1] Interval normalization — Điền 4 ô: BASE SKELETON / ADD STATE / CHANGE TRANSITION / CHANGE BASE-UPDATE.	<b>1. BASE:</b> C09<br><b>2. ADD STATE:</b> scalar endpoints<br><b>3. CHANGE TRANSITION:</b> convert time/string once<br><b>4. CHANGE BASE/UPDATE:</b> closed/half-open contract<br><b>DELTA:</b> compare strings → compare canonical numbers	layer=B priority=P1 core=C09 card_type=VARIANT_ADAPTER provenance=TRANSFER B37::ADAPTER
[LAYER B][B38][P0] Same-time event ties — Điền 4 ô: BASE SKELETON / ADD STATE / CHANGE TRANSITION / CHANGE BASE-UPDATE.	<b>1. BASE:</b> C09<br><b>2. ADD STATE:</b> event type/order<br><b>3. CHANGE TRANSITION:</b> process types in contract order<br><b>4. CHANGE BASE/UPDATE:</b> sort tie key<br><b>DELTA:</b> no tie → explicit type rank	layer=B priority=P0 core=C09 card_type=VARIANT_ADAPTER provenance=TRANSFER B38::ADAPTER
[LAYER B][B39][P0] Rollback candidate — Điền 4 ô: BASE SKELETON / ADD STATE / CHANGE TRANSITION / CHANGE BASE-UPDATE.	<b>1. BASE:</b> C09<br><b>2. ADD STATE:</b> candidate copy<br><b>3. CHANGE TRANSITION:</b> validate all microsteps<br><b>4. CHANGE BASE/UPDATE:</b> commit once<br><b>DELTA:</b> mutate state → mutate candidate	layer=B priority=P0 core=C09 card_type=VARIANT_ADAPTER provenance=TRANSFER B39::ADAPTER
[LAYER B][B40][P0] Collision by time — Điền 4 ô: BASE SKELETON / ADD STATE / CHANGE TRANSITION / CHANGE BASE-UPDATE.	<b>1. BASE:</b> C09<br><b>2. ADD STATE:</b> per-time frequency Map<br><b>3. CHANGE TRANSITION:</b> move all, then aggregate same timestamp<br><b>4. CHANGE BASE/UPDATE:</b> remove finished agents<br><b>DELTA:</b> sequential agents → time batches	layer=B priority=P0 core=C09 card_type=VARIANT_ADAPTER provenance=TRANSFER B40::ADAPTER
[LAYER B][B41][P1] Periodic clock/math event — Điền 4 ô: BASE SKELETON / ADD STATE / CHANGE TRANSITION / CHANGE BASE-UPDATE.	<b>1. BASE:</b> C09<br><b>2. ADD STATE:</b> absolute seconds/phase<br><b>3. CHANGE TRANSITION:</b> count crossings or formula prefix<br><b>4. CHANGE BASE/UPDATE:</b> endpoints inclusive<br><b>DELTA:</b> command transition → periodic event count	layer=B priority=P1 core=C09 card_type=VARIANT_ADAPTER provenance=TRANSFER B41::ADAPTER
[LAYER B][B42][P0] Plus/minus — Điền 4 ô: BASE SKELETON / ADD STATE / CHANGE TRANSITION / CHANGE BASE-UPDATE.	<b>1. BASE:</b> C10<br><b>2. ADD STATE:</b> (index,sum)<br><b>3. CHANGE TRANSITION:</b> two recursive calls ±value<br><b>4. CHANGE BASE/UPDATE:</b> base index===n<br><b>DELTA:</b> loop candidates → two branches	layer=B priority=P0 core=C10 card_type=VARIANT_ADAPTER provenance=TRANSFER B42::ADAPTER
[LAYER B][B43][P0] Take/skip — Điền 4 ô: BASE SKELETON / ADD STATE / CHANGE TRANSITION / CHANGE BASE-UPDATE.	<b>1. BASE:</b> C10<br><b>2. ADD STATE:</b> index, accumulated choice<br><b>3. CHANGE TRANSITION:</b> skip and take<br><b>4. CHANGE BASE/UPDATE:</b> base end/index/target<br><b>DELTA:</b> used array → binary decision	layer=B priority=P0 core=C10 card_type=VARIANT_ADAPTER provenance=TRANSFER B43::ADAPTER
[LAYER B][B44][P0] Combination — Điền 4 ô: BASE SKELETON / ADD STATE / CHANGE TRANSITION / CHANGE BASE-UPDATE.	<b>1. BASE:</b> C10<br><b>2. ADD STATE:</b> start, path<br><b>3. CHANGE TRANSITION:</b> loop i=start..; recurse i+1<br><b>4. CHANGE BASE/UPDATE:</b> base path size<br><b>DELTA:</b> used array → monotonic start	layer=B priority=P0 core=C10 card_type=VARIANT_ADAPTER provenance=TRANSFER B44::ADAPTER
[LAYER B][B45][P0] Permutation — Điền 4 ô: BASE SKELETON / ADD STATE / CHANGE TRANSITION / CHANGE BASE-UPDATE.	<b>1. BASE:</b> C10<br><b>2. ADD STATE:</b> used/path<br><b>3. CHANGE TRANSITION:</b> choose any unused; restore<br><b>4. CHANGE BASE/UPDATE:</b> base path size<br><b>DELTA:</b> chính C10 shape	layer=B priority=P0 core=C10 card_type=VARIANT_ADAPTER provenance=TRANSFER B45::ADAPTER
[LAYER B][B46][P0] Assignment — Điền 4 ô: BASE SKELETON / ADD STATE / CHANGE TRANSITION / CHANGE BASE-UPDATE.	<b>1. BASE:</b> C10<br><b>2. ADD STATE:</b> depth/used/sum/best<br><b>3. CHANGE TRANSITION:</b> candidate per column/depth<br><b>4. CHANGE BASE/UPDATE:</b> maximize at full depth<br><b>DELTA:</b> chính C10 application	layer=B priority=P0 core=C10 card_type=VARIANT_ADAPTER provenance=TRANSFER B46::ADAPTER
[LAYER B][B47][P1] Path search — Điền 4 ô: BASE SKELETON / ADD STATE / CHANGE TRANSITION / CHANGE BASE-UPDATE.	<b>1. BASE:</b> C10<br><b>2. ADD STATE:</b> position + visited path<br><b>3. CHANGE TRANSITION:</b> choose valid neighbor; restore<br><b>4. CHANGE BASE/UPDATE:</b> goal/no path<br><b>DELTA:</b> candidate list → graph neighbors	layer=B priority=P1 core=C10 card_type=VARIANT_ADAPTER provenance=TRANSFER B47::ADAPTER
[LAYER B][B48][P1] Pruning — Điền 4 ô: BASE SKELETON / ADD STATE / CHANGE TRANSITION / CHANGE BASE-UPDATE.	<b>1. BASE:</b> C10<br><b>2. ADD STATE:</b> optimistic bound<br><b>3. CHANGE TRANSITION:</b> return nếu không thể hơn best<br><b>4. CHANGE BASE/UPDATE:</b> proof required<br><b>DELTA:</b> before loop → if(bound&lt;=best)return	layer=B priority=P1 core=C10 card_type=VARIANT_ADAPTER provenance=TRANSFER B48::ADAPTER
[LAYER B][B49][P1] Multi-agent moves — Điền 4 ô: BASE SKELETON / ADD STATE / CHANGE TRANSITION / CHANGE BASE-UPDATE.	<b>1. BASE:</b> C10<br><b>2. ADD STATE:</b> positions + visited riêng<br><b>3. CHANGE TRANSITION:</b> enumerate move pairs; reject collision/swap<br><b>4. CHANGE BASE/UPDATE:</b> both at goals<br><b>DELTA:</b> one choice → Cartesian product moves	layer=B priority=P1 core=C10 card_type=VARIANT_ADAPTER provenance=TRANSFER B49::ADAPTER
[LAYER B][B50][P1] Mathematical recursion — Điền 4 ô: BASE SKELETON / ADD STATE / CHANGE TRANSITION / CHANGE BASE-UPDATE.	<b>1. BASE:</b> C10<br><b>2. ADD STATE:</b> (level,index)<br><b>3. CHANGE TRANSITION:</b> đi đúng parent/child duy nhất<br><b>4. CHANGE BASE/UPDATE:</b> pure state stops early<br><b>DELTA:</b> enumerate branches → deterministic descent	layer=B priority=P1 core=C10 card_type=VARIANT_ADAPTER provenance=TRANSFER B50::ADAPTER
[LAYER B][B51][P1] Bounded candidate bases — Điền 4 ô: BASE SKELETON / ADD STATE / CHANGE TRANSITION / CHANGE BASE-UPDATE.	<b>1. BASE:</b> C10<br><b>2. ADD STATE:</b> candidates 2..9<br><b>3. CHANGE TRANSITION:</b> filter candidates by all known equations<br><b>4. CHANGE BASE/UPDATE:</b> aggregate unknown outputs<br><b>DELTA:</b> recursive tree → tiny candidate loop	layer=B priority=P1 core=C10 card_type=VARIANT_ADAPTER provenance=TRANSFER B51::ADAPTER
[LAYER B][B52][P0] Shortest path — Điền 4 ô: BASE SKELETON / ADD STATE / CHANGE TRANSITION / CHANGE BASE-UPDATE.	<b>1. BASE:</b> C11<br><b>2. ADD STATE:</b> base distance<br><b>3. CHANGE TRANSITION:</b> base neighbor enqueue<br><b>4. CHANGE BASE/UPDATE:</b> target return<br><b>DELTA:</b> chính C11	layer=B priority=P0 core=C11 card_type=VARIANT_ADAPTER provenance=TRANSFER B52::ADAPTER
[LAYER B][B53][P0] Component — Điền 4 ô: BASE SKELETON / ADD STATE / CHANGE TRANSITION / CHANGE BASE-UPDATE.	<b>1. BASE:</b> C11<br><b>2. ADD STATE:</b> size/id/columns<br><b>3. CHANGE TRANSITION:</b> flood until queue empty<br><b>4. CHANGE BASE/UPDATE:</b> start each unseen cell<br><b>DELTA:</b> target return → component aggregate	layer=B priority=P0 core=C11 card_type=VARIANT_ADAPTER provenance=TRANSFER B53::ADAPTER
[LAYER B][B54][P1] Multi-source — Điền 4 ô: BASE SKELETON / ADD STATE / CHANGE TRANSITION / CHANGE BASE-UPDATE.	<b>1. BASE:</b> C11<br><b>2. ADD STATE:</b> nhiều starts<br><b>3. CHANGE TRANSITION:</b> enqueue tất cả source distance 0<br><b>4. CHANGE BASE/UPDATE:</b> base frontier<br><b>DELTA:</b> one start → loop sources	layer=B priority=P1 core=C11 card_type=VARIANT_ADAPTER provenance=TRANSFER B54::ADAPTER
[LAYER B][B55][P0] Expanded state — Điền 4 ô: BASE SKELETON / ADD STATE / CHANGE TRANSITION / CHANGE BASE-UPDATE.	<b>1. BASE:</b> C11<br><b>2. ADD STATE:</b> extra dimension mode/resource<br><b>3. CHANGE TRANSITION:</b> neighbor may change extra state<br><b>4. CHANGE BASE/UPDATE:</b> visited by full state<br><b>DELTA:</b> dist[r][c] → dist[r][c][state]	layer=B priority=P0 core=C11 card_type=VARIANT_ADAPTER provenance=TRANSFER B55::ADAPTER
[LAYER B][B56][P0] Special power once — Điền 4 ô: BASE SKELETON / ADD STATE / CHANGE TRANSITION / CHANGE BASE-UPDATE.	<b>1. BASE:</b> C11<br><b>2. ADD STATE:</b> used∈{0,1}<br><b>3. CHANGE TRANSITION:</b> normal edge keeps used; special sets 1<br><b>4. CHANGE BASE/UPDATE:</b> start used=0<br><b>DELTA:</b> 2D → 3D visited	layer=B priority=P0 core=C11 card_type=VARIANT_ADAPTER provenance=TRANSFER B56::ADAPTER
[LAYER B][B57][P1] Multiple agents — Điền 4 ô: BASE SKELETON / ADD STATE / CHANGE TRANSITION / CHANGE BASE-UPDATE.	<b>1. BASE:</b> C11<br><b>2. ADD STATE:</b> tuple positions + constraints<br><b>3. CHANGE TRANSITION:</b> generate joint transitions<br><b>4. CHANGE BASE/UPDATE:</b> visited joint state<br><b>DELTA:</b> single coordinate → encoded tuple	layer=B priority=P1 core=C11 card_type=VARIANT_ADAPTER provenance=TRANSFER B57::ADAPTER
[LAYER B][B59][P0] First true — Điền 4 ô: BASE SKELETON / ADD STATE / CHANGE TRANSITION / CHANGE BASE-UPDATE.	<b>1. BASE:</b> C12<br><b>2. ADD STATE:</b> none<br><b>3. CHANGE TRANSITION:</b> true→right=mid<br><b>4. CHANGE BASE/UPDATE:</b> return left<br><b>DELTA:</b> chính C12	layer=B priority=P0 core=C12 card_type=VARIANT_ADAPTER provenance=TRANSFER B59::ADAPTER
[LAYER B][B60][P1] Last true — Điền 4 ô: BASE SKELETON / ADD STATE / CHANGE TRANSITION / CHANGE BASE-UPDATE.	<b>1. BASE:</b> C12<br><b>2. ADD STATE:</b> upper-mid<br><b>3. CHANGE TRANSITION:</b> true→left=mid<br><b>4. CHANGE BASE/UPDATE:</b> return left<br><b>DELTA:</b> floor-mid → ceil((l+r)/2); false→r=mid-1	layer=B priority=P1 core=C12 card_type=VARIANT_ADAPTER provenance=TRANSFER B60::ADAPTER
[LAYER B][B61][P0] Minimum feasible answer — Điền 4 ô: BASE SKELETON / ADD STATE / CHANGE TRANSITION / CHANGE BASE-UPDATE.	<b>1. BASE:</b> C12<br><b>2. ADD STATE:</b> answer bounds<br><b>3. CHANGE TRANSITION:</b> predicate computes resource/time<br><b>4. CHANGE BASE/UPDATE:</b> high must feasible<br><b>DELTA:</b> first true semantic	layer=B priority=P0 core=C12 card_type=VARIANT_ADAPTER provenance=TRANSFER B61::ADAPTER
[LAYER B][B62][P1] Maximum feasible answer — Điền 4 ô: BASE SKELETON / ADD STATE / CHANGE TRANSITION / CHANGE BASE-UPDATE.	<b>1. BASE:</b> C12<br><b>2. ADD STATE:</b> bounds<br><b>3. CHANGE TRANSITION:</b> predicate true for small values<br><b>4. CHANGE BASE/UPDATE:</b> low feasible<br><b>DELTA:</b> last true semantic	layer=B priority=P1 core=C12 card_type=VARIANT_ADAPTER provenance=TRANSFER B62::ADAPTER
[LAYER B][B63][P0] Simulation predicate — Điền 4 ô: BASE SKELETON / ADD STATE / CHANGE TRANSITION / CHANGE BASE-UPDATE.	<b>1. BASE:</b> C12<br><b>2. ADD STATE:</b> local simulation state<br><b>3. CHANGE TRANSITION:</b> reset and simulate for each mid<br><b>4. CHANGE BASE/UPDATE:</b> early stop at limit<br><b>DELTA:</b> feasible(mid) lookup → O(n) scan	layer=B priority=P0 core=C12 card_type=VARIANT_ADAPTER provenance=TRANSFER B63::ADAPTER
[LAYER B][B64][P0] Min heap — Điền 4 ô: BASE SKELETON / ADD STATE / CHANGE TRANSITION / CHANGE BASE-UPDATE.	<b>1. BASE:</b> C13<br><b>2. ADD STATE:</b> none<br><b>3. CHANGE TRANSITION:</b> base<br><b>4. CHANGE BASE/UPDATE:</b> base compare<br><b>DELTA:</b> (a,b)=&gt;a-b	layer=B priority=P0 core=C13 card_type=VARIANT_ADAPTER provenance=TRANSFER B64::ADAPTER
[LAYER B][B65][P0] Max heap — Điền 4 ô: BASE SKELETON / ADD STATE / CHANGE TRANSITION / CHANGE BASE-UPDATE.	<b>1. BASE:</b> C13<br><b>2. ADD STATE:</b> none<br><b>3. CHANGE TRANSITION:</b> unchanged push/pop<br><b>4. CHANGE BASE/UPDATE:</b> reverse comparator<br><b>DELTA:</b> (a,b)=&gt;a-b → (a,b)=&gt;b-a	layer=B priority=P0 core=C13 card_type=VARIANT_ADAPTER provenance=TRANSFER B65::ADAPTER
[LAYER B][B66][P0] Object comparator — Điền 4 ô: BASE SKELETON / ADD STATE / CHANGE TRANSITION / CHANGE BASE-UPDATE.	<b>1. BASE:</b> C13+C04<br><b>2. ADD STATE:</b> object fields<br><b>3. CHANGE TRANSITION:</b> unchanged heap mechanics<br><b>4. CHANGE BASE/UPDATE:</b> compare keys<br><b>DELTA:</b> numeric compare → multi-key compare	layer=B priority=P0 core=C13 card_type=VARIANT_ADAPTER provenance=TRANSFER B66::ADAPTER
[LAYER B][B67][P0] Repeated pop-transform-push — Điền 4 ô: BASE SKELETON / ADD STATE / CHANGE TRANSITION / CHANGE BASE-UPDATE.	<b>1. BASE:</b> C13<br><b>2. ADD STATE:</b> iteration/result<br><b>3. CHANGE TRANSITION:</b> pop required items, transform, push outputs<br><b>4. CHANGE BASE/UPDATE:</b> stop/empty contract<br><b>DELTA:</b> one pop → application loop	layer=B priority=P0 core=C13 card_type=VARIANT_ADAPTER provenance=TRANSFER B67::ADAPTER
[LAYER B][B68][P1] Streaming Top K — Điền 4 ô: BASE SKELETON / ADD STATE / CHANGE TRANSITION / CHANGE BASE-UPDATE.	<b>1. BASE:</b> C13<br><b>2. ADD STATE:</b> heap size K<br><b>3. CHANGE TRANSITION:</b> push; if size&gt;K pop worst<br><b>4. CHANGE BASE/UPDATE:</b> comparator keeps boundary item at root<br><b>DELTA:</b> all items → bounded heap	layer=B priority=P1 core=C13 card_type=VARIANT_ADAPTER provenance=TRANSFER B68::ADAPTER
[LAYER B][B69][P0] Event scheduling — Điền 4 ô: BASE SKELETON / ADD STATE / CHANGE TRANSITION / CHANGE BASE-UPDATE.	<b>1. BASE:</b> C13+C09<br><b>2. ADD STATE:</b> sorted arrivals, cursor,time<br><b>3. CHANGE TRANSITION:</b> enqueue all arrival≤time; pop priority<br><b>4. CHANGE BASE/UPDATE:</b> idle jump<br><b>DELTA:</b> static heap → event+heap loop	layer=B priority=P0 core=C13 card_type=VARIANT_ADAPTER provenance=TRANSFER B69::ADAPTER
[LAYER B][B70][P1] Multiple resources — Điền 4 ô: BASE SKELETON / ADD STATE / CHANGE TRANSITION / CHANGE BASE-UPDATE.	<b>1. BASE:</b> C13<br><b>2. ADD STATE:</b> heap of resource available times<br><b>3. CHANGE TRANSITION:</b> pop earliest resource, assign, push new finish<br><b>4. CHANGE BASE/UPDATE:</b> initialize all resources<br><b>DELTA:</b> job heap → resource heap	layer=B priority=P1 core=C13 card_type=VARIANT_ADAPTER provenance=TRANSFER B70::ADAPTER
[LAYER B][B72][P1] Interval scheduling — Điền 4 ô: BASE SKELETON / ADD STATE / CHANGE TRANSITION / CHANGE BASE-UPDATE.	<b>1. BASE:</b> C14<br><b>2. ADD STATE:</b> base lastEnd<br><b>3. CHANGE TRANSITION:</b> choose compatible<br><b>4. CHANGE BASE/UPDATE:</b> initial -Infinity<br><b>DELTA:</b> chính C14	layer=B priority=P1 core=C14 card_type=VARIANT_ADAPTER provenance=TRANSFER B72::ADAPTER
[LAYER B][B73][P1] Interval stabbing — Điền 4 ô: BASE SKELETON / ADD STATE / CHANGE TRANSITION / CHANGE BASE-UPDATE.	<b>1. BASE:</b> C14<br><b>2. ADD STATE:</b> last chosen point<br><b>3. CHANGE TRANSITION:</b> if interval not hit, choose its end<br><b>4. CHANGE BASE/UPDATE:</b> endpoint open/closed<br><b>DELTA:</b> count interval → place point	layer=B priority=P1 core=C14 card_type=VARIANT_ADAPTER provenance=TRANSFER B73::ADAPTER
[LAYER B][B74][P0] Extreme pairing — Điền 4 ô: BASE SKELETON / ADD STATE / CHANGE TRANSITION / CHANGE BASE-UPDATE.	<b>1. BASE:</b> C14+C05<br><b>2. ADD STATE:</b> left/right/count<br><b>3. CHANGE TRANSITION:</b> heavy always consumed; pair light if fits<br><b>4. CHANGE BASE/UPDATE:</b> sorted weights<br><b>DELTA:</b> interval order → two ends	layer=B priority=P0 core=C14 card_type=VARIANT_ADAPTER provenance=TRANSFER B74::ADAPTER
[LAYER B][B75][P1] Greedy + Top K — Điền 4 ô: BASE SKELETON / ADD STATE / CHANGE TRANSITION / CHANGE BASE-UPDATE.	<b>1. BASE:</b> C14+C13<br><b>2. ADD STATE:</b> bounded heap<br><b>3. CHANGE TRANSITION:</b> reconsider chosen items<br><b>4. CHANGE BASE/UPDATE:</b> answer aggregate<br><b>DELTA:</b> irrevocable choice → replace worst	layer=B priority=P1 core=C14 card_type=VARIANT_ADAPTER provenance=TRANSFER B75::ADAPTER
[LAYER B][B77][P1] 1D DP — Điền 4 ô: BASE SKELETON / ADD STATE / CHANGE TRANSITION / CHANGE BASE-UPDATE.	<b>1. BASE:</b> C15<br><b>2. ADD STATE:</b> dp[i]<br><b>3. CHANGE TRANSITION:</b> depend on prior indices<br><b>4. CHANGE BASE/UPDATE:</b> explicit base states<br><b>DELTA:</b> grid state → one index	layer=B priority=P1 core=C15 card_type=VARIANT_ADAPTER provenance=TRANSFER B77::ADAPTER
[LAYER B][B78][P1] 2D/grid DP — Điền 4 ô: BASE SKELETON / ADD STATE / CHANGE TRANSITION / CHANGE BASE-UPDATE.	<b>1. BASE:</b> C15<br><b>2. ADD STATE:</b> base table<br><b>3. CHANGE TRANSITION:</b> base transition<br><b>4. CHANGE BASE/UPDATE:</b> base iteration order<br><b>DELTA:</b> chính C15	layer=B priority=P1 core=C15 card_type=VARIANT_ADAPTER provenance=TRANSFER B78::ADAPTER
[LAYER B][B79][P1] Memoization — Điền 4 ô: BASE SKELETON / ADD STATE / CHANGE TRANSITION / CHANGE BASE-UPDATE.	<b>1. BASE:</b> C15<br><b>2. ADD STATE:</b> memo key<br><b>3. CHANGE TRANSITION:</b> recurse then cache<br><b>4. CHANGE BASE/UPDATE:</b> base before memo/transition<br><b>DELTA:</b> bottom-up loop → top-down function	layer=B priority=P1 core=C15 card_type=VARIANT_ADAPTER provenance=TRANSFER B79::ADAPTER
